name,school,city,state
Nick Singleton,Governor Mifflin,Reading,PA
Emmanuel Henderson,Geneva County,Hartford,AL
Raleek Brown,Mater Dei,Santa Ana,CA
Branson Robinson,Germantown,Madison,MS
Jamarion Miller,Tyler Legacy,Tyler,TX
Gavin Sawchuk,Valor Christian,Littleton,CO
TreVonte' Citizen,Lake Charles College Prep,Lake Charles,LA
Jovantae Barnes,Desert Pines,Las Vegas,NV
Kaytron Allen,IMG Academy,Bradenton,FL
Tavorus Jones,Burges,El Paso,TX
Jaydon Blue,Klein Cain,Houston,TX
Jadarian Price,Denison,Denison,TX
Rayshon Luke,St. John Bosco,Bellflower,CA
Justin Williams-Thomas,East Paulding,Dallas,GA
Jaydn Ott,Norco,Norco,CA
DeAnthony Gatson,Newton,Newton,TX
Jaylen Thompson,Bishop Alemany,Mission Hills,CA
Victor Venn,Buford,Buford,GA
Tomarion Harden,Inglewood,Inglewood,CA
Luther Burden,East St. Louis,East Saint Louis,IL
Evan Stewart,Liberty,Frisco,TX
Chris Marshall,Fort Bend Marshall,Missouri City,TX
Aaron Anderson,Edna Karr,New Orleans,LA
Tetairoa McMillan,Servite,Anaheim,CA
Kevin Coleman,St. Mary's,Saint Louis,MO
Shazz Preston,St. James,Saint James,LA
Antonio Williams,Dutch Fork,Irmo,SC
C.J. Williams,Mater Dei,Santa Ana,CA
Andre Greene Jr.,St. Christopher's School,Richmond,VA
Kyion Grayes,Chandler,Chandler,AZ
Jordan Hudson,Garland,Garland,TX
Tobias Merriweather,Union,Camas,WA
Brenen Thompson,Spearman,Spearman,TX
Caleb Burton,Lake Travis,Austin,TX
Isaiah Sategna,Fayetteville,Fayetteville,AR
Darrius Clemons,Westview,Portland,OR
Kyler Kasper,Williams Field,Gilbert,AZ
Kojo Antwi,Lambert,Suwanee,GA
Tychaun Chapman,Landstown,Virginia Beach,VA
Armani Winfield,Lewisville,Lewisville,TX
De'Nylon Morrissette,North Cobb,Kennesaw,GA
Nicholas Anderson,Katy,Katy,TX
DJ Allen,Gladewater,Gladewater,TX
Jadyn Marshall,St. Mary's,Stockton,CA
Cody Hagen,Corner Canyon,Draper,UT
Samuel Mbake,North Cobb,Kennesaw,GA
Decoldest Crawford,Green Oaks,Shreveport,LA
Caleb Douglas,Hightower,Missouri City,TX
Kevin Green,Bishop Alemany,Mission Hills,CA
Stephon Johnson,DeSoto,DeSoto,TX
Jay Fair,Rockwall-Heath,Rockwall,TX
Khari Butler,Oaks Christian,Westlake Village,CA
Oscar Delp,West Forsyth,Cumming,GA
Donovan Green,Dickinson,Dickinson,TX
Keyan Burnett,Servite,Anaheim,CA
Jack Pedersen,Vista Murrieta,Murrieta,CA
Holden Staes,Westminster School,Atlanta,GA
Sam Roush,Lipscomb Academy,Nashville,TN
Elijah Brown,Wayne,Dayton,OH
Trent McGaughey,Conroe,Conroe,TX
Karson Gay,Boyd-Buchanan School,Chattanooga,TN
Zach Rice,Liberty Christian Academy,Lynchburg,VA
Josh Conerly Jr.,Rainier Beach,Seattle,WA
Kelvin Banks,Summer Creek,Humble,TX
Will Campbell,Neville,Monroe,LA
Elijah Pritchett,Carver,Columbus,GA
Kiyaunta Goodwin,Charlestown,Charlestown,IN
Tyler Booker,IMG Academy,Bradenton,FL
Tegra Tshabola,Lakota West,West Chester,OH
Jake Taylor,Bishop Gorman,Las Vegas,NV
Collin Sadler,Greenville,Greenville,SC
George Fitzpatrick,Cherry Creek,Englewood,CO
Hunter Erb,Eaton,Haslet,TX
Malik Agbo,Todd Beamer,Federal Way,WA
Eston Harris Jr.,Auburn,Auburn,AL
Tony Livingston,King,Tampa,FL
Aliou Bah,IMG Academy,Bradenton,FL
Qae'shon Sapp,Lee County,Leesburg,GA
Dayne Shor,Denmark,Alpharetta,GA
Cameron Williams,Duncanville,Duncanville,TX
Leyton Nelson,Boone,Orlando,FL
Sam Yoon,Loyola,Los Angeles,CA
Andre Roye,St. Frances Academy,Baltimore,MD
Jackson Brown,San Ramon Valley,Danville,CA
Kenji Swanson,Sierra Canyon,Chatsworth,CA
Austin Kawecki,Lebanon Trail,Frisco,TX
Keith Olson,Napavine,Napavine,WA
Tyler Knaak,Brighton,Salt Lake City,UT
Domani Jackson,Mater Dei,Santa Ana,CA
Will Johnson,Grosse Pointe South,Grosse Pointe,MI
Denver Harris,North Shore,Houston,TX
Jaheim Singletary,Riverside,Jacksonville,FL
Julian Humphrey,Clear Lake,Houston,TX
Gentry Williams,Booker T. Washington,Tulsa,OK
Earl Little Jr.,American Heritage,Fort Lauderdale,FL
Marquis Groves-Killebrew,North Cobb,Kennesaw,GA
Jalil Tucker,Lincoln,San Diego,CA
Jahlil Florence,Lincoln,San Diego,CA
Jaylon Guilbeau,Memorial,Port Arthur,TX
Bobby Taylor,Katy,Katy,TX
Jaden Mickey,Centennial,Corona,CA
Fabian Ross,Bishop Gorman,Las Vegas,NV
Jaeden Gould,Bergen Catholic,Oradell,NJ
Ephesians Prysock,Bishop Alemany,Mission Hills,CA
Khamari Terrell,Shoemaker,Killeen,TX
Ryland Gandy,Buford,Buford,GA
Tayvion Beasley,St. John Bosco,Bellflower,CA
Jacoby Mathews,Ponchatoula,Ponchatoula,LA
Kamari Wilson,IMG Academy,Bradenton,FL
Xavier Nwankpa,Southeast Polk,Des Moines,IA
Zion Branch,Bishop Gorman,Las Vegas,NV
Bryce Anderson,West Brook,Beaumont,TX
Bryan Allen Jr.,Aledo,Aledo,TX
Kamari Ramsey,Sierra Canyon,Chatsworth,CA
Zeke Berry,De La Salle,Concord,CA
Chace Biddle,Garland,Garland,TX
Isaac Thompson,St. Louis University,Saint Louis,MO
Sherrod Covil,Oscar Smith,Chesapeake,VA
Cristian Driver,Liberty Christian,Argyle,TX
Austin Jordan,Ryan,Denton,TX
Larry Turner-Gooden,Bishop Alemany,Mission Hills,CA
JQ Hardaway,Central,Phenix City,AL
Trejon Williams,Jefferson,Portland,OR
Jake Pope,Buford,Buford,GA
Alfonzo Allen,Miami Central,Miami,FL
Landon Hullaby,Mansfield Timberview,Arlington,TX
Edric Weldon,South Broward,Hollywood,FL
Malik Spencer,Buford,Buford,GA
Kylon Griffin,Montgomery Catholic Preparatory,Montgomery,AL
Malaki Starks,Jefferson,Jefferson,GA
Jaren Kanak,Hays,Hays,KS
Maurion Horn,Broken Arrow,Broken Arrow,OK
Dillon Tatum,West Bloomfield,West Bloomfield,MI
Clint Stephens,Inglewood,Inglewood,CA
Arlis Boardingham,Birmingham,Van Nuys,CA
Justius Lowe,Lake Oswego,Lake Oswego,OR
Carson Tabaracci,Park City,Park City,UT
Anthony Jones,Liberty,Henderson,NV
Miguel Mitchell,Oxford,Oxford,AL
Atticus Bertrams,ProKick Australia,Australia,AUST
Ty Simpson,Westview,Martin,TN
Walker Howard,St. Thomas More,Lafayette,LA
Devin Brown,Corner Canyon,Draper,UT
Gunner Stockton,Rabun County,Tiger,GA
AJ Duffy,IMG Academy,Bradenton,FL
Maalik Murphy,Junipero Serra,Gardena,CA
Nicco Marchiol,Hamilton,Chandler,AZ
Justyn Martin,Inglewood,Inglewood,CA
Kaden Martin,McDonogh School,Owings Mills,MD
Devon Campbell,Bowie,Arlington,TX
Earnest Greene,St. John Bosco,Bellflower,CA
Kam Dewberry,Atascocita,Humble,TX
Neto Umeozulu,Allen,Allen,TX
Addison Nichols,Greater Atlanta Christian School,Norcross,GA
Julian Armella,St. Thomas Aquinas,Fort Lauderdale,FL
Dave Iuli,Puyallup,Puyallup,WA
Jaylen Early,Duncanville,Duncanville,TX
George Maile,Bingham,South Jordan,UT
Mark Nabou,O'Dea,Seattle,WA
Parker Brailsford,Saguaro,Scottsdale,AZ
Antavious Woody,Lafayette,Lafayette,AL
Vega Ioane,Graham-Kapowsin,Graham,WA
Connor Robertson,Westlake,Austin,TX
Sioape Vatikani,Bishop Manogue,Reno,NV
Dylan Lopez,IMG Academy,Bradenton,FL
Cooper Lovelace,Butler C.C.,El Dorado,KS
Harold Perkins,Cy Park,Cypress,TX
Jaylen Sneed,Hilton Head,Hilton Head Island,SC
Shawn Murphy,Unity Reed,Manassas,VA
Lander Barton,Brighton,Salt Lake City,UT
Gabe Powers,Marysville,Marysville,OH
Jaishawn Barham,St. Frances Academy,Baltimore,MD
Niuafe Tuihalamaka,Bishop Alemany,Mission Hills,CA
Kobie McKinzie,Lubbock-Cooper,Lubbock,TX
Moses Walker,Erasmus Hall,Brooklyn,NY
Wesley Bissainthe,Miami Central,Miami,FL
Keaten Wade,Summit,Spring Hill,TN
Kip Lewis,Carthage,Carthage,TX
Abdul Carter,La Salle College,Glenside,PA
Dishawn Misa,Eastside Catholic,Sammamish,WA
Harrison Taggart,Corner Canyon,Draper,UT
Lamar Washington,Compass Prep,Chandler,AZ
Justin Medlock,Manvel,Manvel,TX
Jordan Crook,Duncanville,Duncanville,TX
Ty Kana,Katy,Katy,TX
Taariq Al-Uqdah,Inglewood,Inglewood,CA
Garrison Madden,Dutchtown,Hampton,GA
VJ Payne,Buford,Buford,GA
Leon Hart,Edison,Miami,FL
Dylan Reid,Hallandale,Hallandale,FL
Gavin Forsha,Tyler J.C. ,Tyler,TX
Sekai Afoa-Asoau,College of San Mateo,San Mateo,CA
Jeremiah Alexander,Thompson,Alabaster,AL
Marvin Jones Jr.,American Heritage,Fort Lauderdale,FL
Enai White,Imhotep Institute,Philadelphia,PA
Kenyatta Jackson,Chaminade-Madonna Prep,Hollywood,FL
Omari Abor,Duncanville,Duncanville,TX
David Bailey,Mater Dei,Santa Ana,CA
Cyrus Moss,Bishop Gorman,Las Vegas,NV
Dasan McCullough,Bloomington South,Bloomington,IN
Malick Sylla,Katy,Katy,TX
J'mond Tapp,Ascension Catholic,Donaldsonville,LA
Justice Finkley,Hewitt-Trussville,Trussville,AL
Caden Curry,Center Grove,Greenwood,IN
DJ Wesolak,Boonville,Boonville,MO
Jaron Willis,Lee County,Leesburg,GA
Anto Saka,Loyola Blakefield,Towson,MD
Kevonte Henry,Leuzinger,Lawndale,CA
Mathias Malaki-Donaldson,Oaks Christian,Westlake Village,CA
Devan Thompkins,Edison,Stockton,CA
Mykel Williams,Hardaway,Columbus,GA
LT Overton,Milton,Alpharetta,GA
Gabriel Brownlow-Dindy,Lakeland,Lakeland,FL
Travis Shaw,Grimsley,Greensboro,NC
Dani Dennis-Sutton,McDonogh School,Owings Mills,MD
Derrick Moore,St. Frances Academy,Baltimore,MD
Bear Alexander,IMG Academy,Bradenton,FL
Anthony Lucas,Chaparral,Scottsdale,AZ
Quency Wiggins,Madison Prep Academy,Baton Rouge,LA
Christen Miller,Cedar Grove,Ellenwood,GA
Chris McClellan,Owasso,Owasso,OK
Hero Kanu,Santa Margarita Catholic,Rancho Santa Margarita,CA
Ernest Cooper IV,Martin,Arlington,TX
Gunner Givens,Lord Botetourt,Daleville,VA
Mason Graham,Servite,Anaheim,CA
Kristopher Ross,North Shore,Houston,TX
Gracen Halton,St. Augustine,San Diego,CA
Jeffrey M'ba,Independence C.C.,Independence,KS
Nick James,IMG Academy,Bradenton,FL
Zane Durant,Lake Nona,Orlando,FL
Zac Swanson,Brophy College Preparatory,Phoenix,AZ
Ben Roberts,East,Salt Lake City,UT
KJ Miles,St. Peters Prep,Jersey City,NJ
Curtis Neal,William Amos Hough,Cornelius,NC
Keahnist Thompson,Lakeland,Lakeland,FL
Nathan Burrell,St. John Bosco,Bellflower,CA
Samuel Okunlola,Thayer Academy,Braintree,MA
Dejon Roney,Etiwanda,Rancho Cucamonga,CA
Damonic Williams,Bishop Alemany,Mission Hills,CA
Jaxson Moi,Cathedral Catholic,San Diego,CA
Shone Washington,Warren Easton,New Orleans,LA
Francois Nolton Jr.,Edison,Miami,FL
Eli Hall,Crest,Shelby,NC
Zach Rowell,Torrey Pines,Encinitas,CA
Maxie Baudoin IV,Ascension Episcopal,Lafayette,LA
Rashad McKenzie Jr.,Bishop Alemany,Mission Hills,CA
Connor Lingren,College Station,College Station,TX
Syncere Massey,Cedar Hill,Cedar Hill,TX
Sir Mells,Liberty,Henderson,NV
